timestamp,symbol,signal_type,entry,sl,tp,confidence,score,result,exit_price,profit_pips
2023-03-14T08:00:00,EURUSD,SELL,1.06898,1.0725,1.064915,MEDIUM,0.8,LOSS,1.0725,-36.99999999999967
2023-03-15T10:00:00,EURUSD,SELL,1.0678,1.07607,1.06261,MEDIUM-HIGH,1.0,WIN,1.06261,50.10000000000028
2023-03-16T08:00:00,EURUSD,BUY,1.0625,1.0572,1.0688750000000002,MEDIUM,0.8,LOSS,1.0572,-54.80000000000082
2023-03-20T08:00:00,EURUSD,SELL,1.06554,1.0690899999999999,1.0617450000000002,MEDIUM-HIGH,1.0,LOSS,1.0690899999999999,-37.299999999999415
2023-03-21T09:00:00,EURUSD,BUY,1.07298,1.07086,1.0753950000000003,MEDIUM,0.8,WIN,1.0753950000000003,22.35000000000278
2023-03-22T09:00:00,EURUSD,BUY,1.07802,1.07642,1.079745,MEDIUM,0.8,WIN,1.079745,15.449999999999765
2023-03-27T08:00:00,EURUSD,SELL,1.07515,1.07785,1.072165,MEDIUM-HIGH,0.8,LOSS,1.07785,-28.799999999999248
2023-03-28T11:00:00,EURUSD,BUY,1.08227,1.08025,1.0846550000000001,MEDIUM-HIGH,1.0,WIN,1.0846550000000001,22.050000000000814
2023-03-29T10:00:00,EURUSD,BUY,1.08597,1.08305,1.088685,MEDIUM-HIGH,1.0,LOSS,1.08305,-31.000000000000338
2023-03-30T08:00:00,EURUSD,BUY,1.08547,1.08253,1.0884999999999998,MEDIUM-HIGH,0.8,WIN,1.0884999999999998,28.49999999999866
2023-04-03T08:00:00,EURUSD,BUY,1.0839,1.07872,1.0881900000000002,MEDIUM-HIGH,1.0,WIN,1.0881900000000002,41.10000000000127
2023-04-04T08:00:00,EURUSD,BUY,1.09251,1.08817,1.096575,MEDIUM-HIGH,1.0,WIN,1.096575,38.84999999999985
2023-04-05T11:00:00,EURUSD,SELL,1.09456,1.09707,1.09177,MEDIUM-HIGH,0.8,WIN,1.09177,26.1000000000007
2023-04-06T10:00:00,EURUSD,BUY,1.09087,1.08836,1.0938400000000001,MEDIUM-HIGH,0.8,LOSS,1.08836,-26.900000000000123
2023-04-11T09:00:00,EURUSD,BUY,1.09068,1.0866,1.0947900000000002,MEDIUM-HIGH,1.0,WIN,1.0947900000000002,39.30000000000058
2023-04-18T08:00:00,EURUSD,BUY,1.09703,1.09212,1.1002550000000002,MEDIUM-HIGH,0.8,LOSS,1.09212,-50.89999999999969
2023-04-19T09:00:00,EURUSD,SELL,1.09557,1.0985,1.0919699999999999,MEDIUM-HIGH,1.0,WIN,1.0919699999999999,34.20000000000048
2023-04-20T09:00:00,EURUSD,BUY,1.09713,1.0948200000000001,1.099365,MEDIUM-HIGH,0.8,LOSS,1.0948200000000001,-24.899999999998123
2023-04-24T09:00:00,EURUSD,BUY,1.1008499999999999,1.09715,1.1042249999999996,MEDIUM-HIGH,0.8,WIN,1.1042249999999996,31.949999999996837
2023-04-25T08:00:00,EURUSD,SELL,1.10328,1.10682,1.0999500000000002,MEDIUM-HIGH,0.8,WIN,1.0999500000000002,31.499999999998327
2023-04-26T08:00:00,EURUSD,BUY,1.10192,1.09673,1.105235,MEDIUM-HIGH,1.0,WIN,1.105235,31.349999999999564
2023-05-01T09:00:00,EURUSD,SELL,1.09922,1.10153,1.0971800000000003,MEDIUM,0.8,LOSS,1.10153,-24.899999999998123
2023-05-02T10:00:00,EURUSD,SELL,1.09526,1.09955,1.0913599999999999,MEDIUM-HIGH,1.0,LOSS,1.09955,-44.70000000000127
2023-05-03T08:00:00,EURUSD,BUY,1.10344,1.10038,1.1071900000000001,MEDIUM,0.8,WIN,1.1071900000000001,35.700000000001424
2023-05-04T08:00:00,EURUSD,SELL,1.10579,1.10888,1.1029099999999998,HIGH,1.0,WIN,1.1029099999999998,27.000000000002156
2023-05-08T08:00:00,EURUSD,BUY,1.10494,1.10156,1.109095,MEDIUM-HIGH,0.8,LOSS,1.10156,-35.59999999999938
2023-05-09T08:00:00,EURUSD,SELL,1.0977999999999999,1.09984,1.0958649999999999,MEDIUM-HIGH,0.8,WIN,1.0958649999999999,17.5500000000002
2023-05-10T09:00:00,EURUSD,SELL,1.0952,1.09783,1.0929349999999998,MEDIUM-HIGH,1.0,LOSS,1.09783,-28.100000000001323
2023-05-11T08:00:00,EURUSD,SELL,1.09301,1.09989,1.08875,MEDIUM-HIGH,0.8,WIN,1.08875,40.79999999999931
2023-05-15T08:00:00,EURUSD,BUY,1.08738,1.0847,1.0905600000000002,MEDIUM-HIGH,0.8,LOSS,1.0847,-28.600000000000158
2023-05-16T08:00:00,EURUSD,BUY,1.08884,1.08671,1.0913300000000001,MEDIUM-HIGH,1.0,LOSS,1.08671,-23.099999999999653
2023-05-17T08:00:00,EURUSD,SELL,1.08318,1.08745,1.0799999999999998,HIGH,0.75,WIN,1.0799999999999998,30.000000000001826
2023-05-22T08:00:00,EURUSD,SELL,1.08068,1.08308,1.0776949999999998,MEDIUM-HIGH,0.8,LOSS,1.08308,-25.799999999999578
2023-05-23T10:00:00,EURUSD,SELL,1.07812,1.08215,1.0750450000000003,MEDIUM-HIGH,1.0,WIN,1.0750450000000003,28.949999999997168
2023-05-24T11:00:00,EURUSD,SELL,1.07514,1.07872,1.0723350000000003,MEDIUM-HIGH,1.0,LOSS,1.07872,-37.59999999999916
2023-05-30T11:00:00,EURUSD,BUY,1.07315,1.068,1.0799150000000002,HIGH,1.0,LOSS,1.068,-53.299999999999876
2023-06-01T08:00:00,EURUSD,SELL,1.06702,1.0696,1.0641399999999999,MEDIUM-HIGH,0.8,LOSS,1.0696,-27.600000000000268
2023-06-06T09:00:00,EURUSD,SELL,1.06992,1.07323,1.06668,MEDIUM-HIGH,0.8,LOSS,1.07323,-34.89999999999924
2023-06-07T11:00:00,EURUSD,BUY,1.07148,1.06823,1.074645,MEDIUM-HIGH,1.0,WIN,1.074645,29.850000000000843
2023-06-08T09:00:00,EURUSD,BUY,1.07267,1.07018,1.0748600000000001,MEDIUM-HIGH,0.8,WIN,1.0748600000000001,20.100000000001362
2023-06-12T08:00:00,EURUSD,BUY,1.07695,1.0732,1.0795600000000003,MEDIUM-HIGH,1.0,WIN,1.0795600000000003,24.300000000002232
2023-06-14T09:00:00,EURUSD,BUY,1.08018,1.07727,1.08354,MEDIUM-HIGH,0.8,WIN,1.08354,31.800000000000292
2023-06-15T10:00:00,EURUSD,BUY,1.08475,1.08046,1.090585,MEDIUM-HIGH,1.0,WIN,1.090585,56.54999999999813
2023-06-19T10:00:00,EURUSD,SELL,1.09106,1.09472,1.0888849999999999,MEDIUM-HIGH,0.8,LOSS,1.09472,-38.39999999999996
2023-06-20T08:00:00,EURUSD,BUY,1.09438,1.09094,1.096735,HIGH,1.0,LOSS,1.09094,-36.19999999999887
2023-06-21T09:00:00,EURUSD,BUY,1.0924800000000001,1.09091,1.0941,MEDIUM-HIGH,0.8,LOSS,1.09091,-17.500000000000714
2023-06-26T09:00:00,EURUSD,SELL,1.08919,1.09109,1.08751,MEDIUM-HIGH,0.8,LOSS,1.09109,-20.799999999997908
2023-06-27T08:00:00,EURUSD,BUY,1.09394,1.09009,1.0989049999999998,MEDIUM-HIGH,1.0,LOSS,1.09009,-40.29999999999909
2023-06-29T11:00:00,EURUSD,BUY,1.09275,1.08795,1.0980750000000001,MEDIUM-HIGH,0.8,LOSS,1.08795,-49.80000000000137
2023-07-03T08:00:00,EURUSD,SELL,1.08752,1.09192,1.0848499999999999,MEDIUM-HIGH,0.8,LOSS,1.09192,-45.79999999999959
2023-07-05T10:00:00,EURUSD,BUY,1.08941,1.08666,1.0928900000000001,HIGH,1.0,LOSS,1.08666,-29.300000000000303
2023-07-06T09:00:00,EURUSD,BUY,1.0864,1.0832600000000001,1.0898050000000001,MEDIUM-HIGH,0.8,WIN,1.0898050000000001,32.25000000000102
2023-07-17T08:00:00,EURUSD,BUY,1.12447,1.12134,1.127485,MEDIUM-HIGH,0.8,LOSS,1.12134,-33.10000000000077
2023-07-24T08:00:00,EURUSD,SELL,1.10811,1.11338,1.1057099999999997,HIGH,0.75,WIN,1.1057099999999997,22.200000000001797
2023-07-26T08:00:00,EURUSD,BUY,1.10694,1.10367,1.1107200000000002,MEDIUM-HIGH,1.0,WIN,1.1107200000000002,36.000000000001165
2023-07-27T08:00:00,EURUSD,BUY,1.11285,1.1076300000000001,1.1189549999999997,MEDIUM-HIGH,1.0,LOSS,1.1076300000000001,-53.9999999999978
2023-07-31T09:00:00,EURUSD,BUY,1.10335,1.10042,1.1067550000000002,MEDIUM,0.8,LOSS,1.10042,-31.100000000000993
2023-08-01T09:00:00,EURUSD,SELL,1.09746,1.10027,1.0942500000000002,MEDIUM-HIGH,0.8,LOSS,1.10027,-29.899999999999793
2023-08-07T09:00:00,EURUSD,SELL,1.09747,1.10128,1.0929849999999999,MEDIUM-HIGH,0.8,WIN,1.0929849999999999,43.05000000000072
2023-08-08T10:00:00,EURUSD,SELL,1.09706,1.10064,1.0927549999999997,HIGH,1.0,LOSS,1.10064,-37.60000000000138
2023-08-09T08:00:00,EURUSD,BUY,1.09842,1.09542,1.10199,MEDIUM-HIGH,0.8,WIN,1.10199,33.90000000000073
2023-08-10T08:00:00,EURUSD,BUY,1.10084,1.09662,1.10399,HIGH,0.75,WIN,1.10399,29.69999999999986
2023-08-14T08:00:00,EURUSD,BUY,1.09519,1.0928,1.0978450000000002,MEDIUM-HIGH,0.8,LOSS,1.0928,-25.700000000001143
2023-08-15T08:00:00,EURUSD,BUY,1.09234,1.08992,1.0949200000000001,MEDIUM-HIGH,0.8,LOSS,1.08992,-26.000000000000888
2023-08-16T08:00:00,EURUSD,BUY,1.09234,1.08978,1.09519,MEDIUM,0.8,LOSS,1.08978,-27.400000000001178
2023-08-17T08:00:00,EURUSD,BUY,1.08803,1.08606,1.089995,MEDIUM-HIGH,0.65,WIN,1.089995,17.849999999999945
2023-08-21T10:00:00,EURUSD,BUY,1.09013,1.08685,1.09277,MEDIUM-HIGH,1.0,WIN,1.09277,24.599999999999756
2023-08-22T08:00:00,EURUSD,BUY,1.09256,1.08921,1.09613,MEDIUM-HIGH,0.8,LOSS,1.08921,-35.299999999999635
2023-08-23T08:00:00,EURUSD,SELL,1.08178,1.08644,1.07893,HIGH,0.75,LOSS,1.08644,-48.40000000000108
2023-08-24T10:00:00,EURUSD,SELL,1.08484,1.08777,1.0820800000000004,MEDIUM-HIGH,0.8,WIN,1.0820800000000004,25.799999999996515
2023-08-29T09:00:00,EURUSD,SELL,1.08102,1.08393,1.0783800000000001,HIGH,1.0,WIN,1.0783800000000001,24.599999999999756
2023-08-30T10:00:00,EURUSD,BUY,1.08889,1.08546,1.09138,MEDIUM,0.8,WIN,1.09138,23.10000000000103
2023-08-31T08:00:00,EURUSD,SELL,1.08927,1.09403,1.0858949999999998,MEDIUM,0.8,WIN,1.0858949999999998,31.95000000000128
2023-09-04T08:00:00,EURUSD,BUY,1.07951,1.07722,1.0821049999999999,MEDIUM,0.8,LOSS,1.07722,-24.699999999999033
2023-09-05T08:00:00,EURUSD,SELL,1.07563,1.07993,1.072975,HIGH,0.75,WIN,1.072975,24.75000000000074
2023-09-07T09:00:00,EURUSD,SELL,1.07103,1.07327,1.068585,MEDIUM-HIGH,0.8,LOSS,1.07327,-24.2000000000002
2023-09-12T08:00:00,EURUSD,SELL,1.07135,1.07705,1.0662349999999998,MEDIUM-HIGH,1.0,WIN,1.0662349999999998,49.35000000000203
2023-09-13T09:00:00,EURUSD,SELL,1.0735,1.07658,1.0700499999999997,MEDIUM-HIGH,1.0,WIN,1.0700499999999997,32.70000000000175
2023-09-19T11:00:00,EURUSD,BUY,1.07004,1.06751,1.0731150000000003,MEDIUM-HIGH,1.0,LOSS,1.06751,-27.100000000001433
2023-09-20T09:00:00,EURUSD,BUY,1.06962,1.06771,1.07136,MEDIUM-HIGH,0.8,WIN,1.07136,15.600000000000747
2023-09-21T08:00:00,EURUSD,BUY,1.06551,1.06156,1.0705799999999999,HIGH,1.0,LOSS,1.06156,-41.299999999998974
2023-09-25T08:00:00,EURUSD,SELL,1.06378,1.06565,1.061755,MEDIUM-HIGH,0.8,WIN,1.061755,18.449999999999434
2023-09-26T10:00:00,EURUSD,BUY,1.05973,1.05772,1.061935,MEDIUM-HIGH,0.8,LOSS,1.05772,-21.900000000000674
2023-09-28T10:00:00,EURUSD,BUY,1.05393,1.04948,1.05699,MEDIUM-HIGH,1.0,WIN,1.05699,28.800000000000626
2023-10-02T10:00:00,EURUSD,SELL,1.0539,1.05722,1.0522200000000002,MEDIUM-HIGH,1.0,WIN,1.0522200000000002,14.999999999999037
2023-10-03T09:00:00,EURUSD,BUY,1.04853,1.04587,1.0516199999999998,MEDIUM-HIGH,0.8,LOSS,1.04587,-28.399999999998847
2023-10-04T08:00:00,EURUSD,BUY,1.04842,1.04561,1.051195,MEDIUM-HIGH,1.0,WIN,1.051195,25.95000000000194
2023-10-09T08:00:00,EURUSD,SELL,1.0523,1.05753,1.048325,MEDIUM-HIGH,0.8,LOSS,1.05753,-54.100000000000676
2023-10-10T09:00:00,EURUSD,BUY,1.06042,1.05576,1.0641249999999998,MEDIUM-HIGH,1.0,LOSS,1.05576,-48.39999999999886
2023-10-16T08:00:00,EURUSD,BUY,1.05342,1.05145,1.05564,MEDIUM-HIGH,0.65,WIN,1.05564,20.399999999998887
2023-10-17T09:00:00,EURUSD,SELL,1.05358,1.05615,1.05103,MEDIUM-HIGH,0.8,LOSS,1.05615,-27.499999999999613
2023-10-18T11:00:00,EURUSD,SELL,1.0556,1.05857,1.0519699999999998,MEDIUM-HIGH,0.8,LOSS,1.05857,-31.499999999999172
2023-10-19T11:00:00,EURUSD,BUY,1.05511,1.05292,1.05688,MEDIUM-HIGH,0.8,WIN,1.05688,15.900000000000492
2023-10-23T08:00:00,EURUSD,BUY,1.05975,1.0572300000000001,1.0622999999999996,MEDIUM-HIGH,0.8,WIN,1.0622999999999996,23.69999999999608
2023-10-24T08:00:00,EURUSD,SELL,1.06625,1.0688,1.063205,MEDIUM-HIGH,0.8,WIN,1.063205,28.649999999999643
2023-10-25T09:00:00,EURUSD,SELL,1.0585,1.06076,1.05595,MEDIUM,0.8,WIN,1.05595,23.70000000000052
2023-10-26T11:00:00,EURUSD,SELL,1.05372,1.05701,1.0495349999999999,HIGH,0.75,LOSS,1.05701,-34.700000000000145
2023-10-30T10:00:00,EURUSD,BUY,1.05823,1.0554000000000001,1.0598799999999997,MEDIUM-HIGH,0.8,WIN,1.0598799999999997,14.699999999997072
2023-10-31T08:00:00,EURUSD,BUY,1.06212,1.05895,1.06569,MEDIUM-HIGH,0.8,WIN,1.06569,33.90000000000073
2023-11-01T09:00:00,EURUSD,SELL,1.05581,1.05816,1.0534999999999997,MEDIUM,0.8,WIN,1.0534999999999997,21.300000000002562
2023-11-07T08:00:00,EURUSD,SELL,1.06969,1.07202,1.06756,MEDIUM-HIGH,0.8,WIN,1.06756,19.499999999999652
2023-11-08T08:00:00,EURUSD,SELL,1.06803,1.07003,1.065915,MEDIUM-HIGH,0.8,LOSS,1.07003,-21.80000000000002
2023-11-09T10:00:00,EURUSD,SELL,1.06978,1.07167,1.067755,MEDIUM-HIGH,0.8,LOSS,1.07167,-20.699999999999473
2023-11-13T11:00:00,EURUSD,BUY,1.06972,1.06799,1.0711600000000001,MEDIUM-HIGH,0.8,LOSS,1.06799,-19.100000000000094
2023-11-14T08:00:00,EURUSD,BUY,1.07061,1.06918,1.0720500000000002,MEDIUM-HIGH,0.8,WIN,1.0720500000000002,12.600000000001078
2023-11-15T10:00:00,EURUSD,SELL,1.0852,1.08848,1.082455,MEDIUM,0.8,LOSS,1.08848,-34.59999999999949
2023-11-22T09:00:00,EURUSD,SELL,1.08854,1.09238,1.0858700000000003,MEDIUM-HIGH,1.0,WIN,1.0858700000000003,24.89999999999728
2023-11-23T09:00:00,EURUSD,BUY,1.09176,1.08869,1.0953450000000002,MEDIUM-HIGH,0.8,WIN,1.0953450000000002,34.05000000000172
2023-11-27T11:00:00,EURUSD,BUY,1.09547,1.09257,1.099055,MEDIUM-HIGH,1.0,LOSS,1.09257,-30.799999999999027
2023-11-28T08:00:00,EURUSD,SELL,1.09357,1.09638,1.09165,MEDIUM-HIGH,0.8,LOSS,1.09638,-29.899999999999793
2023-11-29T08:00:00,EURUSD,SELL,1.0985,1.10181,1.095455,MEDIUM-HIGH,0.8,WIN,1.095455,28.649999999999643
2023-11-30T08:00:00,EURUSD,SELL,1.09515,1.09849,1.0923300000000002,MEDIUM-HIGH,1.0,WIN,1.0923300000000002,26.399999999998226
2023-12-04T08:00:00,EURUSD,SELL,1.08535,1.0887499999999999,1.0823500000000004,MEDIUM-HIGH,0.8,WIN,1.0823500000000004,28.199999999996695
2023-12-05T08:00:00,EURUSD,SELL,1.08074,1.08483,1.0788350000000002,MEDIUM-HIGH,0.8,WIN,1.0788350000000002,17.249999999998234
2023-12-07T08:00:00,EURUSD,BUY,1.07809,1.07559,1.0803850000000002,MEDIUM-HIGH,0.8,WIN,1.0803850000000002,21.15000000000158
2023-12-11T08:00:00,EURUSD,SELL,1.07557,1.07748,1.07365,MEDIUM,0.8,LOSS,1.07748,-20.900000000000784
2023-12-12T08:00:00,EURUSD,BUY,1.07779,1.07601,1.0792450000000002,MEDIUM-HIGH,0.65,WIN,1.0792450000000002,12.75000000000206
2023-12-13T11:00:00,EURUSD,SELL,1.0777700000000001,1.08009,1.0754000000000001,MEDIUM-HIGH,0.8,LOSS,1.08009,-24.999999999998778
2023-12-18T08:00:00,EURUSD,BUY,1.09215,1.08929,1.0954349999999997,MEDIUM,0.8,WIN,1.0954349999999997,31.0499999999976
2023-12-19T09:00:00,EURUSD,BUY,1.09408,1.09138,1.096225,MEDIUM-HIGH,1.0,WIN,1.096225,19.650000000000635
2023-12-20T09:00:00,EURUSD,SELL,1.09608,1.09805,1.0938150000000002,MEDIUM-HIGH,0.8,WIN,1.0938150000000002,20.849999999997394
2023-12-27T10:00:00,EURUSD,BUY,1.10545,1.10276,1.1077600000000003,MEDIUM-HIGH,1.0,WIN,1.1077600000000003,21.300000000002562
2023-12-28T10:00:00,EURUSD,BUY,1.11292,1.11071,1.1150799999999998,HIGH,0.75,LOSS,1.11071,-23.899999999998233
2024-01-02T11:00:00,EURUSD,SELL,1.1007500000000001,1.10443,1.0967450000000003,MEDIUM-HIGH,1.0,WIN,1.0967450000000003,38.249999999998145
2024-01-03T10:00:00,EURUSD,SELL,1.09364,1.09638,1.0904150000000001,MEDIUM,0.8,WIN,1.0904150000000001,30.44999999999811
2024-01-04T08:00:00,EURUSD,BUY,1.09376,1.09151,1.0959349999999999,MEDIUM-HIGH,0.8,WIN,1.0959349999999999,19.94999999999816
2024-01-09T10:00:00,EURUSD,SELL,1.0944099999999999,1.09673,1.09168,MEDIUM-HIGH,1.0,WIN,1.09168,25.49999999999899
2024-01-10T09:00:00,EURUSD,BUY,1.09432,1.0925,1.095865,MEDIUM-HIGH,0.8,WIN,1.095865,13.650000000001295
2024-01-11T10:00:00,EURUSD,SELL,1.09638,1.09857,1.0946099999999999,MEDIUM-HIGH,0.8,LOSS,1.09857,-23.700000000001364
2024-01-16T09:00:00,EURUSD,SELL,1.09047,1.09471,1.085475,HIGH,0.75,WIN,1.085475,48.15000000000083
2024-01-22T11:00:00,EURUSD,SELL,1.08868,1.09102,1.0859949999999998,MEDIUM-HIGH,1.0,LOSS,1.09102,-25.200000000000088
2024-01-23T11:00:00,EURUSD,SELL,1.08694,1.09089,1.0821100000000001,HIGH,1.0,LOSS,1.09089,-41.299999999998974
2024-01-24T08:00:00,EURUSD,BUY,1.08733,1.08503,1.0895350000000001,MEDIUM-HIGH,0.8,WIN,1.0895350000000001,20.250000000002345
2024-01-25T08:00:00,EURUSD,BUY,1.08879,1.08693,1.09053,MEDIUM,0.8,LOSS,1.08693,-20.39999999999973
2024-01-29T09:00:00,EURUSD,SELL,1.08345,1.08498,1.0820399999999997,MEDIUM,0.8,WIN,1.0820399999999997,12.300000000003553
2024-02-01T08:00:00,EURUSD,SELL,1.07933,1.08228,1.07633,MEDIUM-HIGH,1.0,LOSS,1.08228,-31.300000000000082
2024-02-06T10:00:00,EURUSD,SELL,1.07289,1.07552,1.0709249999999997,MEDIUM-HIGH,1.0,LOSS,1.07552,-28.100000000001323
2024-02-07T08:00:00,EURUSD,BUY,1.07725,1.07549,1.0788399999999998,MEDIUM,0.8,WIN,1.0788399999999998,14.099999999997582
2024-02-12T08:00:00,EURUSD,BUY,1.08031,1.07885,1.081855,MEDIUM-HIGH,0.8,LOSS,1.07885,-16.40000000000017
2024-02-14T10:00:00,EURUSD,SELL,1.07002,1.07162,1.06825,MEDIUM,0.8,LOSS,1.07162,-17.80000000000046
2024-02-20T10:00:00,EURUSD,BUY,1.07978,1.07606,1.0820599999999998,HIGH,0.75,WIN,1.0820599999999998,20.999999999998376
2024-02-21T09:00:00,EURUSD,SELL,1.07988,1.082,1.07784,MEDIUM-HIGH,0.8,LOSS,1.082,-23.00000000000122
2024-02-22T08:00:00,EURUSD,BUY,1.0853,1.08179,1.088165,HIGH,0.75,LOSS,1.08179,-36.89999999999902
2024-02-26T08:00:00,EURUSD,BUY,1.08321,1.08117,1.084935,MEDIUM-HIGH,0.8,WIN,1.084935,15.449999999999765
2024-02-29T10:00:00,EURUSD,BUY,1.08505,1.08269,1.08688,MEDIUM-HIGH,1.0,LOSS,1.08269,-25.4000000000014
2024-03-04T08:00:00,EURUSD,BUY,1.08538,1.08375,1.08679,MEDIUM,0.8,WIN,1.08679,12.299999999999113
2024-03-06T08:00:00,EURUSD,BUY,1.08619,1.0841,1.088425,MEDIUM-HIGH,0.8,WIN,1.088425,20.54999999999987
2024-03-14T08:00:00,EURUSD,SELL,1.09353,1.09558,1.0911749999999998,MEDIUM-HIGH,0.8,WIN,1.0911749999999998,21.75000000000107
2024-03-18T10:00:00,EURUSD,BUY,1.08995,1.08795,1.0916299999999999,MEDIUM-HIGH,1.0,LOSS,1.08795,-21.80000000000002
2024-03-19T08:00:00,EURUSD,SELL,1.08548,1.08776,1.08344,HIGH,0.75,LOSS,1.08776,-24.6000000000006
2024-03-20T09:00:00,EURUSD,SELL,1.08522,1.08721,1.083285,MEDIUM-HIGH,0.8,LOSS,1.08721,-21.699999999999363
2024-03-21T09:00:00,EURUSD,SELL,1.08914,1.094,1.0878799999999997,MEDIUM-HIGH,1.0,WIN,1.0878799999999997,10.800000000002608
2024-03-26T10:00:00,EURUSD,BUY,1.08537,1.08348,1.0872300000000001,HIGH,1.0,LOSS,1.08348,-20.699999999999473
2024-03-28T08:00:00,EURUSD,SELL,1.08007,1.08277,1.0772499999999998,MEDIUM-HIGH,1.0,WIN,1.0772499999999998,26.400000000002667
2024-04-02T08:00:00,EURUSD,BUY,1.07419,1.07248,1.076125,MEDIUM-HIGH,1.0,WIN,1.076125,17.5500000000002
2024-04-09T11:00:00,EURUSD,BUY,1.0869,1.0853,1.088325,MEDIUM-HIGH,0.8,WIN,1.088325,12.450000000000095
2024-04-10T11:00:00,EURUSD,BUY,1.08645,1.08494,1.0877249999999998,MEDIUM-HIGH,0.8,LOSS,1.08494,-16.899999999999004
2024-04-11T10:00:00,EURUSD,SELL,1.0731,1.07499,1.07148,MEDIUM,0.8,WIN,1.07148,14.399999999999547
2024-04-16T10:00:00,EURUSD,BUY,1.06292,1.0605,1.06583,MEDIUM-HIGH,0.8,LOSS,1.0605,-26.000000000000888
2024-04-17T09:00:00,EURUSD,BUY,1.06406,1.06088,1.067915,MEDIUM-HIGH,1.0,WIN,1.067915,36.74999999999942
2024-04-23T08:00:00,EURUSD,BUY,1.06795,1.06486,1.0696,MEDIUM-HIGH,1.0,WIN,1.0696,14.700000000001513
2024-04-24T08:00:00,EURUSD,SELL,1.06883,1.07152,1.0667149999999999,MEDIUM,0.8,LOSS,1.07152,-28.700000000000813
2024-04-25T08:00:00,EURUSD,BUY,1.07209,1.06958,1.074535,HIGH,0.75,LOSS,1.06958,-26.900000000000123
2024-04-30T10:00:00,EURUSD,BUY,1.07267,1.06941,1.07606,MEDIUM-HIGH,1.0,LOSS,1.06941,-34.400000000000404
2024-05-02T10:00:00,EURUSD,SELL,1.07032,1.07219,1.068205,MEDIUM-HIGH,1.0,WIN,1.068205,19.34999999999867
2024-05-09T08:00:00,EURUSD,SELL,1.07347,1.0752599999999999,1.0720300000000003,MEDIUM-HIGH,0.8,LOSS,1.0752599999999999,-19.699999999999584
2024-05-13T09:00:00,EURUSD,BUY,1.07837,1.07648,1.0797049999999997,MEDIUM-HIGH,0.8,WIN,1.0797049999999997,11.54999999999642
2024-05-14T11:00:00,EURUSD,BUY,1.07962,1.07832,1.080835,MEDIUM-HIGH,0.8,WIN,1.080835,10.34999999999966
2024-05-16T08:00:00,EURUSD,SELL,1.08744,1.0896,1.0851,MEDIUM,0.8,WIN,1.0851,21.600000000000087
2024-05-21T09:00:00,EURUSD,BUY,1.08667,1.0849900000000001,1.08832,MEDIUM-HIGH,1.0,LOSS,1.0849900000000001,-18.59999999999904
2024-05-22T09:00:00,EURUSD,SELL,1.08486,1.08645,1.083135,MEDIUM-HIGH,1.0,WIN,1.083135,15.449999999999765
2024-05-23T09:00:00,EURUSD,BUY,1.08386,1.08209,1.08542,MEDIUM-HIGH,1.0,WIN,1.08542,13.800000000000058
2024-05-29T09:00:00,EURUSD,SELL,1.08372,1.0858,1.0817549999999998,MEDIUM-HIGH,1.0,LOSS,1.0858,-22.60000000000082
2024-05-30T08:00:00,EURUSD,BUY,1.08084,1.07872,1.083285,MEDIUM-HIGH,0.8,WIN,1.083285,22.650000000000304
2024-06-03T08:00:00,EURUSD,SELL,1.08396,1.0859699999999999,1.0824000000000003,MEDIUM-HIGH,0.8,LOSS,1.0859699999999999,-21.899999999998453
2024-06-04T08:00:00,EURUSD,SELL,1.08902,1.09171,1.0869950000000002,MEDIUM-HIGH,0.8,WIN,1.0869950000000002,18.449999999999434
2024-06-05T08:00:00,EURUSD,SELL,1.08716,1.08872,1.0856299999999999,MEDIUM-HIGH,0.8,LOSS,1.08872,-17.40000000000006
2024-06-10T10:00:00,EURUSD,SELL,1.07432,1.07827,1.0692649999999997,HIGH,0.75,LOSS,1.07827,-41.3000000000012
2024-06-11T09:00:00,EURUSD,SELL,1.07452,1.07715,1.0731249999999997,MEDIUM,0.8,WIN,1.0731249999999997,12.15000000000257
2024-06-12T10:00:00,EURUSD,BUY,1.07526,1.07335,1.076985,MEDIUM-HIGH,0.8,WIN,1.076985,15.449999999999765
2024-06-13T11:00:00,EURUSD,SELL,1.07942,1.08167,1.077125,MEDIUM,0.8,WIN,1.077125,21.14999999999936
2024-06-17T10:00:00,EURUSD,BUY,1.07111,1.06979,1.0723550000000002,MEDIUM-HIGH,0.8,WIN,1.0723550000000002,10.650000000001626
2024-06-19T11:00:00,EURUSD,BUY,1.07501,1.07342,1.0761049999999999,MEDIUM-HIGH,1.0,LOSS,1.07342,-17.699999999999804
2024-06-20T08:00:00,EURUSD,SELL,1.07247,1.0749199999999999,1.0708200000000003,MEDIUM-HIGH,0.8,WIN,1.0708200000000003,14.699999999997072
2024-06-24T08:00:00,EURUSD,BUY,1.07127,1.06825,1.073655,MEDIUM-HIGH,0.8,WIN,1.073655,22.050000000000814
2024-06-25T08:00:00,EURUSD,SELL,1.07269,1.07452,1.07086,MEDIUM-HIGH,0.8,WIN,1.07086,16.499999999999982
2024-06-26T08:00:00,EURUSD,SELL,1.06939,1.07189,1.0670199999999999,MEDIUM-HIGH,0.8,WIN,1.0670199999999999,21.900000000002052
2024-06-27T11:00:00,EURUSD,BUY,1.07036,1.0676,1.0733899999999998,MEDIUM-HIGH,1.0,WIN,1.0733899999999998,28.49999999999866
2024-07-01T09:00:00,EURUSD,BUY,1.07684,1.07339,1.0809349999999998,MEDIUM-HIGH,1.0,LOSS,1.07339,-36.29999999999953
2024-07-02T08:00:00,EURUSD,SELL,1.07181,1.07395,1.0700699999999999,MEDIUM-HIGH,0.8,LOSS,1.07395,-23.20000000000031
2024-07-03T08:00:00,EURUSD,BUY,1.07596,1.07351,1.0787200000000001,MEDIUM-HIGH,0.8,WIN,1.0787200000000001,25.800000000000956
2024-07-04T09:00:00,EURUSD,BUY,1.08018,1.07826,1.0818899999999998,MEDIUM,0.8,WIN,1.0818899999999998,15.299999999998782
2024-07-11T09:00:00,EURUSD,BUY,1.08473,1.08314,1.0858849999999998,HIGH,0.75,WIN,1.0858849999999998,9.74999999999795
2024-07-15T09:00:00,EURUSD,BUY,1.09083,1.08823,1.09272,MEDIUM-HIGH,1.0,LOSS,1.08823,-27.799999999999358
2024-07-17T09:00:00,EURUSD,BUY,1.09419,1.08946,1.0958849999999998,HIGH,0.75,LOSS,1.08946,-49.09999999999901
2024-07-23T08:00:00,EURUSD,SELL,1.08761,1.08977,1.0861550000000002,MEDIUM-HIGH,0.8,WIN,1.0861550000000002,12.74999999999762
2024-07-24T08:00:00,EURUSD,SELL,1.08293,1.08543,1.081175,HIGH,0.75,LOSS,1.08543,-26.799999999999468
2024-07-25T08:00:00,EURUSD,BUY,1.0849,1.08339,1.0865049999999998,MEDIUM-HIGH,1.0,LOSS,1.08339,-16.899999999999004
2024-07-29T08:00:00,EURUSD,SELL,1.08445,1.08709,1.081585,MEDIUM-HIGH,1.0,WIN,1.081585,26.849999999998953
2024-07-30T09:00:00,EURUSD,BUY,1.08286,1.0813300000000001,1.0844799999999999,MEDIUM-HIGH,0.8,LOSS,1.0813300000000001,-17.099999999998094
2024-08-01T08:00:00,EURUSD,SELL,1.08011,1.08364,1.07828,MEDIUM-HIGH,1.0,WIN,1.07828,16.499999999999982
2024-08-05T08:00:00,EURUSD,BUY,1.09488,1.09058,1.0998299999999999,HIGH,0.75,WIN,1.0998299999999999,47.69999999999788
2024-08-06T08:00:00,EURUSD,SELL,1.09269,1.0964099999999999,1.089795,MEDIUM,0.8,WIN,1.089795,27.1499999999987
2024-08-12T10:00:00,EURUSD,BUY,1.09268,1.09108,1.0943749999999999,MEDIUM-HIGH,1.0,WIN,1.0943749999999999,15.1499999999978
2024-08-13T09:00:00,EURUSD,SELL,1.09234,1.09421,1.0905550000000002,MEDIUM-HIGH,0.8,LOSS,1.09421,-20.499999999998163
2024-08-22T08:00:00,EURUSD,SELL,1.11369,1.11578,1.1112000000000002,MEDIUM-HIGH,1.0,WIN,1.1112000000000002,23.09999999999881
2024-08-26T10:00:00,EURUSD,SELL,1.11743,1.12026,1.1138149999999998,MEDIUM-HIGH,0.8,WIN,1.1138149999999998,34.35000000000146
2024-08-28T10:00:00,EURUSD,SELL,1.11357,1.11809,1.10751,MEDIUM-HIGH,1.0,WIN,1.10751,58.79999999999954
2024-08-29T09:00:00,EURUSD,SELL,1.10847,1.11389,1.1063999999999998,HIGH,0.75,WIN,1.1063999999999998,18.900000000002382
2024-09-02T08:00:00,EURUSD,BUY,1.10667,1.10409,1.10886,MEDIUM-HIGH,0.8,LOSS,1.10409,-27.600000000000268
2024-09-03T09:00:00,EURUSD,SELL,1.10484,1.10713,1.1023800000000001,MEDIUM-HIGH,1.0,LOSS,1.10713,-24.699999999999033
2024-09-09T08:00:00,EURUSD,SELL,1.10592,1.10921,1.102575,MEDIUM,0.8,WIN,1.102575,31.649999999999313
2024-09-16T08:00:00,EURUSD,BUY,1.1115,1.10856,1.1142299999999998,HIGH,0.75,WIN,1.1142299999999998,25.49999999999899
2024-09-17T08:00:00,EURUSD,BUY,1.11361,1.11208,1.115035,MEDIUM-HIGH,1.0,LOSS,1.11208,-17.100000000000314
2024-09-18T10:00:00,EURUSD,BUY,1.11381,1.11167,1.11573,MEDIUM-HIGH,0.8,LOSS,1.11167,-23.20000000000031
2024-09-19T08:00:00,EURUSD,BUY,1.11458,1.10674,1.1240149999999998,HIGH,1.0,PENDING,,
2024-09-23T08:00:00,EURUSD,SELL,1.11014,1.11683,1.1083999999999998,HIGH,0.75,LOSS,1.11683,-68.70000000000084
2024-09-24T08:00:00,EURUSD,BUY,1.11273,1.11023,1.11516,MEDIUM-HIGH,0.8,WIN,1.11516,22.49999999999932
2024-09-30T09:00:00,EURUSD,BUY,1.12053,1.11552,1.12317,MEDIUM,0.8,LOSS,1.11552,-51.89999999999959
2024-10-01T08:00:00,EURUSD,SELL,1.11149,1.11451,1.1089400000000005,MEDIUM-HIGH,0.8,WIN,1.1089400000000005,23.69999999999608
2024-10-07T10:00:00,EURUSD,SELL,1.09587,1.09787,1.0938750000000002,MEDIUM,0.8,LOSS,1.09787,-21.80000000000002
2024-10-08T08:00:00,EURUSD,BUY,1.09953,1.09716,1.10169,MEDIUM-HIGH,1.0,LOSS,1.09716,-25.499999999999833
2024-10-09T09:00:00,EURUSD,SELL,1.09578,1.09797,1.09329,MEDIUM-HIGH,1.0,WIN,1.09329,23.09999999999881
2024-10-10T09:00:00,EURUSD,SELL,1.0933,1.0947,1.0919349999999999,MEDIUM-HIGH,0.8,WIN,1.0919349999999999,11.850000000000605
2024-10-15T10:00:00,EURUSD,BUY,1.09137,1.08871,1.094625,MEDIUM-HIGH,1.0,LOSS,1.08871,-28.399999999998847
2024-10-21T08:00:00,EURUSD,SELL,1.08481,1.08699,1.0832200000000003,MEDIUM-HIGH,0.8,WIN,1.0832200000000003,14.099999999997582
2024-10-22T08:00:00,EURUSD,BUY,1.08366,1.08132,1.08507,MEDIUM-HIGH,0.8,LOSS,1.08132,-25.200000000000088
2024-10-23T08:00:00,EURUSD,SELL,1.07817,1.08077,1.07598,MEDIUM-HIGH,0.8,LOSS,1.08077,-27.799999999999358
2024-10-24T09:00:00,EURUSD,BUY,1.08032,1.07787,1.082405,MEDIUM-HIGH,1.0,WIN,1.082405,19.050000000001145
2024-10-28T09:00:00,EURUSD,BUY,1.08192,1.0781,1.0848149999999999,MEDIUM-HIGH,1.0,LOSS,1.0781,-39.99999999999934
2024-10-30T09:00:00,EURUSD,BUY,1.08346,1.0812,1.0854250000000003,MEDIUM-HIGH,0.8,LOSS,1.0812,-24.40000000000151
2024-10-31T10:00:00,EURUSD,BUY,1.08657,1.08431,1.0888649999999997,MEDIUM-HIGH,0.8,WIN,1.0888649999999997,21.14999999999714
2024-11-05T10:00:00,EURUSD,BUY,1.08886,1.08715,1.089985,MEDIUM,0.8,WIN,1.089985,9.450000000000426
2024-11-07T08:00:00,EURUSD,BUY,1.07461,1.07118,1.0789000000000002,MEDIUM,0.8,WIN,1.0789000000000002,41.10000000000127
2024-11-13T10:00:00,EURUSD,SELL,1.0603,1.06305,1.0575100000000002,MEDIUM-HIGH,0.8,LOSS,1.06305,-29.300000000000303
2024-11-19T08:00:00,EURUSD,SELL,1.05834,1.06018,1.0562850000000004,MEDIUM-HIGH,0.8,WIN,1.0562850000000004,18.74999999999696
2024-11-20T10:00:00,EURUSD,SELL,1.05783,1.06107,1.05462,MEDIUM,0.8,WIN,1.05462,30.30000000000157
2024-11-21T10:00:00,EURUSD,SELL,1.05364,1.05542,1.0517949999999998,MEDIUM,0.8,WIN,1.0517949999999998,16.650000000000965
2024-11-25T10:00:00,EURUSD,SELL,1.04505,1.05024,1.039275,MEDIUM-HIGH,0.8,LOSS,1.05024,-53.70000000000027
2024-11-27T11:00:00,EURUSD,BUY,1.05142,1.04767,1.054255,MEDIUM-HIGH,0.8,WIN,1.054255,26.54999999999921
2024-11-28T10:00:00,EURUSD,SELL,1.05414,1.05708,1.05078,MEDIUM,0.8,LOSS,1.05708,-31.199999999999427
2024-12-02T10:00:00,EURUSD,SELL,1.05028,1.0571,1.0427800000000003,MEDIUM-HIGH,1.0,LOSS,1.0571,-69.99999999999825
2024-12-03T11:00:00,EURUSD,BUY,1.05254,1.04813,1.0554199999999998,MEDIUM-HIGH,0.8,LOSS,1.04813,-45.90000000000025
2024-12-04T09:00:00,EURUSD,BUY,1.05229,1.04869,1.0559950000000002,MEDIUM-HIGH,1.0,LOSS,1.04869,-37.80000000000047
2024-12-05T08:00:00,EURUSD,BUY,1.05266,1.05061,1.0550749999999998,MEDIUM-HIGH,0.8,WIN,1.0550749999999998,22.34999999999834
2024-12-10T09:00:00,EURUSD,BUY,1.05666,1.05442,1.059105,MEDIUM,0.8,LOSS,1.05442,-24.2000000000002
2024-12-11T10:00:00,EURUSD,SELL,1.04899,1.05403,1.046815,HIGH,0.75,WIN,1.046815,19.95000000000038
2024-12-12T09:00:00,EURUSD,BUY,1.05141,1.04887,1.054275,MEDIUM,0.8,LOSS,1.04887,-27.199999999999868
2024-12-17T09:00:00,EURUSD,SELL,1.05029,1.05353,1.0461349999999996,MEDIUM-HIGH,0.8,WIN,1.0461349999999996,39.75000000000353
2024-12-18T09:00:00,EURUSD,BUY,1.05112,1.0489,1.05316,MEDIUM-HIGH,0.8,LOSS,1.0489,-24.00000000000111
2024-12-19T10:00:00,EURUSD,BUY,1.03949,1.03459,1.0460900000000004,HIGH,1.0,LOSS,1.03459,-50.80000000000126
2024-12-23T10:00:00,EURUSD,SELL,1.04127,1.0445,1.038675,MEDIUM-HIGH,0.8,WIN,1.038675,24.14999999999903
2024-12-30T11:00:00,EURUSD,SELL,1.04128,1.0435,1.0393149999999998,MEDIUM-HIGH,0.8,LOSS,1.0435,-24.00000000000111
2024-12-31T11:00:00,EURUSD,BUY,1.04183,1.0396,1.0444999999999998,MEDIUM,0.8,LOSS,1.0396,-24.099999999999543
2025-01-06T10:00:00,EURUSD,BUY,1.03273,1.02934,1.036315,MEDIUM-HIGH,0.8,WIN,1.036315,34.05000000000172
2025-01-07T08:00:00,EURUSD,BUY,1.03967,1.03751,1.042205,MEDIUM,0.8,WIN,1.042205,23.54999999999954
2025-01-08T10:00:00,EURUSD,SELL,1.03324,1.03558,1.030735,MEDIUM,0.8,WIN,1.030735,23.249999999999794
2025-01-09T09:00:00,EURUSD,SELL,1.03,1.03224,1.02751,MEDIUM-HIGH,0.8,WIN,1.02751,23.10000000000103
2025-01-20T09:00:00,EURUSD,BUY,1.03103,1.02652,1.0370599999999999,MEDIUM-HIGH,0.8,WIN,1.0370599999999999,58.4999999999998
2025-01-29T10:00:00,EURUSD,SELL,1.04161,1.0440099999999999,1.0394050000000001,MEDIUM-HIGH,0.8,WIN,1.0394050000000001,20.249999999997904
2025-02-04T08:00:00,EURUSD,SELL,1.02931,1.03517,1.02301,MEDIUM-HIGH,0.8,LOSS,1.03517,-60.39999999999976
2025-02-05T10:00:00,EURUSD,BUY,1.04026,1.03685,1.04284,MEDIUM-HIGH,0.8,WIN,1.04284,24.000000000000266
2025-02-06T08:00:00,EURUSD,SELL,1.03864,1.04068,1.036195,MEDIUM-HIGH,0.8,WIN,1.036195,22.650000000000304
2025-02-10T11:00:00,EURUSD,BUY,1.03223,1.02805,1.037795,MEDIUM-HIGH,0.8,WIN,1.037795,53.85000000000042
2025-02-11T11:00:00,EURUSD,BUY,1.03183,1.02911,1.034275,MEDIUM-HIGH,0.8,WIN,1.034275,22.650000000000304
2025-02-12T10:00:00,EURUSD,BUY,1.03754,1.03529,1.03964,HIGH,0.75,LOSS,1.03529,-24.299999999998633
2025-02-13T08:00:00,EURUSD,BUY,1.0435,1.03802,1.0496050000000001,MEDIUM-HIGH,1.0,LOSS,1.03802,-56.60000000000151
2025-02-17T11:00:00,EURUSD,SELL,1.04744,1.05075,1.0441549999999997,MEDIUM-HIGH,0.8,WIN,1.0441549999999997,31.05000000000204
2025-02-18T08:00:00,EURUSD,SELL,1.04551,1.04873,1.04185,MEDIUM-HIGH,0.8,WIN,1.04185,34.79999999999997
2025-02-19T08:00:00,EURUSD,BUY,1.04564,1.04399,1.047335,MEDIUM-HIGH,0.8,LOSS,1.04399,-18.299999999999294
2025-02-26T08:00:00,EURUSD,SELL,1.04915,1.0526,1.04558,MEDIUM-HIGH,1.0,LOSS,1.0526,-36.29999999999953
2025-03-04T11:00:00,EURUSD,BUY,1.05189,1.04739,1.0550699999999997,HIGH,0.75,WIN,1.0550699999999997,29.999999999997385
2025-03-05T10:00:00,EURUSD,BUY,1.06747,1.0601,1.0727349999999998,HIGH,0.75,WIN,1.0727349999999998,50.84999999999853
2025-03-11T11:00:00,EURUSD,BUY,1.08906,1.08283,1.09374,MEDIUM-HIGH,1.0,WIN,1.09374,45.00000000000018
2025-03-12T08:00:00,EURUSD,SELL,1.08989,1.09198,1.0875800000000002,MEDIUM,0.65,LOSS,1.09198,-22.699999999999253
2025-03-13T10:00:00,EURUSD,SELL,1.08746,1.08983,1.085255,MEDIUM-HIGH,0.8,WIN,1.085255,20.250000000000124
2025-03-18T11:00:00,EURUSD,BUY,1.09351,1.0907,1.0957299999999999,MEDIUM,0.8,LOSS,1.0907,-29.899999999999793
2025-03-19T10:00:00,EURUSD,SELL,1.09206,1.09472,1.0899,MEDIUM,0.8,WIN,1.0899,19.799999999999397
2025-03-20T09:00:00,EURUSD,SELL,1.08956,1.09184,1.0872800000000002,MEDIUM-HIGH,1.0,WIN,1.0872800000000002,20.999999999998376
2025-03-25T11:00:00,EURUSD,SELL,1.07874,1.08092,1.076625,MEDIUM-HIGH,0.8,LOSS,1.08092,-23.60000000000071
2025-04-01T09:00:00,EURUSD,SELL,1.08069,1.08295,1.0785,MEDIUM-HIGH,0.8,WIN,1.0785,20.09999999999914
2025-04-10T11:00:00,EURUSD,BUY,1.10262,1.0942,1.10934,MEDIUM-HIGH,0.8,WIN,1.10934,65.40000000000059
2025-04-16T08:00:00,EURUSD,BUY,1.13461,1.12779,1.142575,MEDIUM-HIGH,0.8,WIN,1.142575,77.85
2025-04-17T09:00:00,EURUSD,SELL,1.13523,1.14104,1.127145,MEDIUM-HIGH,0.8,LOSS,1.14104,-59.90000000000092
2025-04-22T08:00:00,EURUSD,BUY,1.15301,1.14811,1.1594900000000004,MEDIUM-HIGH,0.65,LOSS,1.14811,-50.80000000000126
2025-04-24T11:00:00,EURUSD,BUY,1.13801,1.13127,1.1445949999999998,MEDIUM-HIGH,0.8,LOSS,1.13127,-69.19999999999968
2025-04-28T08:00:00,EURUSD,BUY,1.13723,1.13389,1.141235,MEDIUM-HIGH,1.0,LOSS,1.13389,-35.19999999999898
2025-04-29T08:00:00,EURUSD,SELL,1.1378300000000001,1.14229,1.13267,MEDIUM-HIGH,1.0,WIN,1.13267,49.80000000000054
2025-05-06T08:00:00,EURUSD,BUY,1.13246,1.12789,1.13846,MEDIUM-HIGH,1.0,LOSS,1.12789,-47.49999999999962
2025-05-08T10:00:00,EURUSD,SELL,1.12824,1.13364,1.1229149999999999,MEDIUM-HIGH,1.0,WIN,1.1229149999999999,51.450000000000244
2025-05-12T11:00:00,EURUSD,SELL,1.11051,1.12438,1.1029050000000002,HIGH,0.75,LOSS,1.12438,-140.49999999999827
2025-05-13T08:00:00,EURUSD,BUY,1.11169,1.1082,1.11595,MEDIUM,0.8,WIN,1.11595,40.79999999999931
2025-05-14T11:00:00,EURUSD,BUY,1.1215,1.11793,1.1241099999999997,HIGH,0.75,WIN,1.1241099999999997,24.29999999999779
2025-05-15T10:00:00,EURUSD,BUY,1.12274,1.11665,1.12757,MEDIUM,0.8,LOSS,1.11665,-62.7000000000015
2025-05-19T10:00:00,EURUSD,BUY,1.12091,1.11673,1.1255450000000002,HIGH,1.0,WIN,1.1255450000000002,44.55000000000167
2025-05-20T09:00:00,EURUSD,BUY,1.12546,1.1217,1.130455,MEDIUM-HIGH,0.8,WIN,1.130455,48.15000000000083
2025-05-21T08:00:00,EURUSD,BUY,1.13291,1.1277,1.140095,HIGH,0.6000000000000001,LOSS,1.1277,-53.90000000000158
2025-05-27T10:00:00,EURUSD,SELL,1.13651,1.14082,1.1324,HIGH,1.0,WIN,1.1324,39.29999999999836
2025-06-02T10:00:00,EURUSD,BUY,1.14013,1.1343400000000001,1.1457849999999998,MEDIUM-HIGH,1.0,WIN,1.1457849999999998,54.749999999997435
2025-06-04T09:00:00,EURUSD,SELL,1.13624,1.13942,1.1325349999999996,MEDIUM-HIGH,1.0,LOSS,1.13942,-33.60000000000183
2025-06-05T09:00:00,EURUSD,SELL,1.1406399999999999,1.14358,1.1369949999999998,MEDIUM-HIGH,0.8,LOSS,1.14358,-31.200000000001648
2025-06-16T09:00:00,EURUSD,BUY,1.15568,1.15252,1.158935,MEDIUM-HIGH,0.8,WIN,1.158935,30.750000000000075
2025-06-18T08:00:00,EURUSD,BUY,1.15056,1.14735,1.1545800000000002,MEDIUM-HIGH,1.0,LOSS,1.14735,-33.899999999999345
2025-06-23T09:00:00,EURUSD,BUY,1.15131,1.14538,1.1592000000000002,HIGH,1.0,LOSS,1.14538,-61.0999999999999
2025-06-25T11:00:00,EURUSD,SELL,1.1598600000000001,1.16328,1.1557049999999998,MEDIUM-HIGH,0.8,LOSS,1.16328,-35.99999999999978
2025-06-26T10:00:00,EURUSD,BUY,1.16987,1.16519,1.176215,HIGH,0.75,WIN,1.176215,61.65000000000045
2025-06-30T10:00:00,EURUSD,BUY,1.17433,1.1714200000000001,1.177825,MEDIUM-HIGH,1.0,LOSS,1.1714200000000001,-30.899999999999682
2025-07-02T10:00:00,EURUSD,SELL,1.17816,1.1811,1.174905,MEDIUM-HIGH,0.8,WIN,1.174905,30.750000000000075
2025-07-07T10:00:00,EURUSD,SELL,1.1756,1.17913,1.17176,HIGH,1.0,WIN,1.17176,36.600000000000655
2025-07-08T11:00:00,EURUSD,BUY,1.17599,1.17053,1.1823649999999999,MEDIUM-HIGH,1.0,LOSS,1.17053,-56.4000000000002
2025-07-15T09:00:00,EURUSD,BUY,1.16859,1.16573,1.1714250000000002,MEDIUM-HIGH,0.8,LOSS,1.16573,-30.400000000000848
2025-07-16T08:00:00,EURUSD,BUY,1.16198,1.15952,1.1648749999999999,MEDIUM-HIGH,0.8,LOSS,1.15952,-26.399999999999068
2025-07-17T10:00:00,EURUSD,SELL,1.15832,1.16434,1.154,MEDIUM,0.8,LOSS,1.16434,-61.99999999999914
2025-07-21T10:00:00,EURUSD,BUY,1.16414,1.16137,1.167395,MEDIUM-HIGH,0.8,WIN,1.167395,30.750000000000075
2025-07-24T10:00:00,EURUSD,SELL,1.17572,1.17807,1.1730500000000004,MEDIUM-HIGH,0.8,LOSS,1.17807,-25.299999999998523
2025-07-28T09:00:00,EURUSD,SELL,1.17408,1.17714,1.1704949999999998,MEDIUM-HIGH,1.0,WIN,1.1704949999999998,34.05000000000172
2025-07-31T10:00:00,EURUSD,BUY,1.1458599999999999,1.14013,1.1512449999999999,MEDIUM-HIGH,1.0,LOSS,1.14013,-59.099999999997905
2025-08-05T09:00:00,EURUSD,SELL,1.1548,1.15888,1.1500000000000004,MEDIUM-HIGH,0.8,LOSS,1.15888,-42.59999999999861
2025-08-07T08:00:00,EURUSD,BUY,1.16712,1.16485,1.16958,HIGH,0.75,WIN,1.16958,22.800000000001287
2025-08-11T08:00:00,EURUSD,BUY,1.1672,1.1638,1.1716100000000003,MEDIUM-HIGH,0.8,LOSS,1.1638,-35.80000000000069
2025-08-13T10:00:00,EURUSD,BUY,1.16923,1.16672,1.17199,MEDIUM,0.8,WIN,1.17199,25.800000000000956
2025-08-14T10:00:00,EURUSD,SELL,1.1685,1.17163,1.1660250000000003,MEDIUM-HIGH,0.8,WIN,1.1660250000000003,22.94999999999783
2025-08-18T11:00:00,EURUSD,SELL,1.16814,1.17167,1.1648399999999999,MEDIUM-HIGH,1.0,WIN,1.1648399999999999,31.200000000000802
2025-08-19T11:00:00,EURUSD,BUY,1.16837,1.16381,1.173785,MEDIUM-HIGH,1.0,LOSS,1.16381,-47.39999999999897
2025-08-21T10:00:00,EURUSD,SELL,1.163,1.16561,1.1609150000000001,MEDIUM-HIGH,0.8,LOSS,1.16561,-27.900000000000013
2025-08-27T08:00:00,EURUSD,SELL,1.16143,1.16488,1.1580100000000002,MEDIUM,0.8,WIN,1.1580100000000002,32.39999999999757
2025-09-02T11:00:00,EURUSD,SELL,1.16458,1.17193,1.1606649999999998,HIGH,0.75,LOSS,1.17193,-75.29999999999967
2025-09-08T10:00:00,EURUSD,BUY,1.17269,1.17027,1.1751050000000003,MEDIUM,0.8,WIN,1.1751050000000003,22.35000000000278
2025-09-09T11:00:00,EURUSD,SELL,1.17527,1.1778899999999999,1.172225,MEDIUM-HIGH,1.0,WIN,1.172225,28.649999999999643
2025-09-16T10:00:00,EURUSD,BUY,1.17874,1.17562,1.1818149999999998,MEDIUM-HIGH,0.8,WIN,1.1818149999999998,28.949999999999388
2025-09-17T11:00:00,EURUSD,SELL,1.18405,1.1874,1.18069,MEDIUM-HIGH,0.8,LOSS,1.1874,-35.299999999999635
2025-09-18T08:00:00,EURUSD,SELL,1.17951,1.18298,1.17633,MEDIUM-HIGH,1.0,LOSS,1.18298,-36.499999999998614
2025-09-24T10:00:00,EURUSD,SELL,1.17874,1.18199,1.1753199999999997,MEDIUM-HIGH,0.8,WIN,1.1753199999999997,32.40000000000201
2025-09-30T10:00:00,EURUSD,BUY,1.17379,1.17112,1.1768049999999999,MEDIUM-HIGH,0.8,WIN,1.1768049999999999,28.3499999999999
2025-10-01T08:00:00,EURUSD,BUY,1.17582,1.17288,1.177755,MEDIUM-HIGH,1.0,WIN,1.177755,17.5500000000002
2025-10-02T11:00:00,EURUSD,BUY,1.17502,1.172,1.17817,MEDIUM,0.8,LOSS,1.172,-32.00000000000023
2025-10-06T10:00:00,EURUSD,SELL,1.16937,1.1731800000000001,1.1656799999999998,MEDIUM-HIGH,1.0,WIN,1.1656799999999998,35.100000000001934
2025-10-07T09:00:00,EURUSD,SELL,1.1692,1.17156,1.1664850000000002,MEDIUM,0.8,WIN,1.1664850000000002,25.34999999999801
2025-10-09T10:00:00,EURUSD,SELL,1.16157,1.16487,1.1572799999999999,MEDIUM-HIGH,0.8,WIN,1.1572799999999999,41.10000000000127
2025-10-14T08:00:00,EURUSD,BUY,1.1592,1.15539,1.16241,MEDIUM-HIGH,0.8,LOSS,1.15539,-39.90000000000091
2025-10-21T09:00:00,EURUSD,SELL,1.16253,1.1656199999999999,1.1591400000000003,MEDIUM-HIGH,1.0,WIN,1.1591400000000003,32.09999999999782
2025-10-27T11:00:00,EURUSD,SELL,1.16199,1.16487,1.158375,MEDIUM-HIGH,0.8,LOSS,1.16487,-30.599999999999937
2025-10-29T08:00:00,EURUSD,SELL,1.16342,1.16619,1.16051,MEDIUM-HIGH,0.8,LOSS,1.16619,-29.500000000001613
2025-10-30T08:00:00,EURUSD,BUY,1.1632,1.15958,1.16665,HIGH,1.0,LOSS,1.15958,-37.99999999999956
2025-11-03T11:00:00,EURUSD,SELL,1.15135,1.15394,1.1488,MEDIUM-HIGH,0.8,WIN,1.1488,23.70000000000052
2025-11-04T10:00:00,EURUSD,BUY,1.15272,1.14971,1.15611,MEDIUM-HIGH,1.0,LOSS,1.14971,-31.899999999999572
2025-11-10T10:00:00,EURUSD,BUY,1.15677,1.15406,1.15965,HIGH,1.0,WIN,1.15965,26.999999999999936
2025-11-13T10:00:00,EURUSD,BUY,1.16114,1.15779,1.1634349999999998,MEDIUM-HIGH,1.0,WIN,1.1634349999999998,21.14999999999714
2025-11-19T08:00:00,EURUSD,BUY,1.1589,1.15714,1.1607750000000001,MEDIUM-HIGH,1.0,LOSS,1.15714,-19.39999999999984
2025-11-24T08:00:00,EURUSD,BUY,1.15225,1.15009,1.1548149999999997,MEDIUM-HIGH,0.8,WIN,1.1548149999999997,23.849999999997063
2025-12-04T11:00:00,EURUSD,BUY,1.16766,1.16522,1.17069,MEDIUM-HIGH,1.0,LOSS,1.16522,-26.199999999999978
2025-12-08T09:00:00,EURUSD,BUY,1.16609,1.16325,1.1693750000000003,MEDIUM-HIGH,1.0,LOSS,1.16325,-30.200000000001758
2025-12-10T09:00:00,EURUSD,BUY,1.16352,1.16205,1.164615,MEDIUM-HIGH,0.8,WIN,1.164615,9.14999999999846
2025-12-17T08:00:00,EURUSD,SELL,1.17292,1.17534,1.1705649999999999,MEDIUM-HIGH,0.8,WIN,1.1705649999999999,21.75000000000107
2025-12-22T10:00:00,EURUSD,BUY,1.1729,1.1705,1.17491,MEDIUM-HIGH,1.0,WIN,1.17491,18.29999999999845
2025-12-29T08:00:00,EURUSD,SELL,1.17561,1.17871,1.1723850000000002,MEDIUM-HIGH,1.0,LOSS,1.17871,-32.7999999999988
2026-01-12T10:00:00,EURUSD,BUY,1.16849,1.16206,1.175945,HIGH,0.75,LOSS,1.16206,-66.09999999999935
2026-01-15T10:00:00,EURUSD,SELL,1.16289,1.1648,1.1608199999999997,MEDIUM-HIGH,0.8,WIN,1.1608199999999997,18.900000000002382
2026-01-26T10:00:00,EURUSD,SELL,1.18388,1.18986,1.1758850000000003,HIGH,1.0,LOSS,1.18986,-61.59999999999874
2026-01-27T10:00:00,EURUSD,SELL,1.18636,1.19004,1.18219,MEDIUM-HIGH,0.8,LOSS,1.19004,-38.59999999999905
2026-01-28T11:00:00,EURUSD,SELL,1.19803,1.20455,1.1894199999999997,HIGH,1.0,WIN,1.1894199999999997,84.30000000000229
2026-02-09T09:00:00,EURUSD,BUY,1.18519,1.18089,1.188745,HIGH,0.75,WIN,1.188745,33.74999999999975
2026-02-11T08:00:00,EURUSD,BUY,1.19183,1.18852,1.1959399999999998,MEDIUM-HIGH,1.0,LOSS,1.18852,-34.89999999999924
2026-02-12T09:00:00,EURUSD,SELL,1.18606,1.18856,1.18315,MEDIUM-HIGH,0.8,LOSS,1.18856,-26.80000000000169
2026-02-17T10:00:00,EURUSD,SELL,1.1832799999999999,1.18529,1.18121,HIGH,0.75,WIN,1.18121,18.89999999999794
2026-02-18T10:00:00,EURUSD,SELL,1.18347,1.18585,1.18098,MEDIUM-HIGH,0.8,WIN,1.18098,23.10000000000103
2026-02-19T10:00:00,EURUSD,BUY,1.18008,1.17807,1.182165,MEDIUM-HIGH,0.8,LOSS,1.17807,-21.900000000000674
2026-02-25T08:00:00,EURUSD,BUY,1.18009,1.17706,1.1834950000000002,MEDIUM-HIGH,1.0,LOSS,1.17706,-32.10000000000088
2026-03-02T09:00:00,EURUSD,SELL,1.17324,1.17969,1.1672700000000003,HIGH,0.75,WIN,1.1672700000000003,57.89999999999809
2026-03-03T08:00:00,EURUSD,SELL,1.16666,1.17079,1.1628200000000002,MEDIUM-HIGH,0.8,WIN,1.1628200000000002,36.59999999999844
2026-03-05T08:00:00,EURUSD,SELL,1.15945,1.16484,1.1538099999999998,MEDIUM-HIGH,0.8,WIN,1.1538099999999998,54.600000000003114
2026-03-09T08:00:00,EURUSD,BUY,1.15679,1.15063,1.16321,HIGH,1.0,WIN,1.16321,62.40000000000093
2026-03-10T10:00:00,EURUSD,BUY,1.16601,1.16068,1.171665,MEDIUM-HIGH,1.0,LOSS,1.16068,-55.10000000000056
2026-03-17T08:00:00,EURUSD,SELL,1.14799,1.15062,1.1451699999999998,MEDIUM-HIGH,0.8,LOSS,1.15062,-28.099999999999103
2026-03-18T10:00:00,EURUSD,SELL,1.15265,1.15449,1.15088,MEDIUM-HIGH,0.8,LOSS,1.15449,-20.20000000000064
2026-03-23T08:00:00,EURUSD,SELL,1.15341,1.15657,1.14948,MEDIUM-HIGH,1.0,WIN,1.14948,37.49999999999989
2026-03-25T08:00:00,EURUSD,SELL,1.15929,1.1631799999999999,1.1547600000000002,MEDIUM-HIGH,1.0,WIN,1.1547600000000002,43.49999999999701
2026-04-02T08:00:00,EURUSD,SELL,1.15253,1.16065,1.14236,MEDIUM-HIGH,1.0,LOSS,1.16065,-82.99999999999905
2026-04-06T09:00:00,EURUSD,BUY,1.15331,1.15041,1.156835,HIGH,1.0,WIN,1.156835,33.45
2026-04-07T11:00:00,EURUSD,BUY,1.15735,1.15231,1.1609200000000002,MEDIUM-HIGH,1.0,WIN,1.1609200000000002,33.90000000000073
2026-04-09T11:00:00,EURUSD,BUY,1.16721,1.16494,1.1698050000000002,MEDIUM-HIGH,0.8,WIN,1.1698050000000002,24.15000000000125
2026-04-13T10:00:00,EURUSD,BUY,1.16971,1.16631,1.1736100000000003,HIGH,1.0,WIN,1.1736100000000003,37.20000000000237
2026-04-14T09:00:00,EURUSD,BUY,1.17781,1.17551,1.179625,HIGH,0.75,WIN,1.179625,16.349999999999
2026-04-16T10:00:00,EURUSD,SELL,1.17917,1.18249,1.17509,MEDIUM-HIGH,1.0,LOSS,1.18249,-34.99999999999989
2026-04-21T10:00:00,EURUSD,SELL,1.17642,1.1792,1.173765,MEDIUM-HIGH,0.8,WIN,1.173765,24.75000000000074
2026-04-22T10:00:00,EURUSD,BUY,1.17553,1.17365,1.1776,MEDIUM-HIGH,1.0,LOSS,1.17365,-20.59999999999882
2026-04-27T10:00:00,EURUSD,BUY,1.1743999999999999,1.17036,1.1785849999999995,MEDIUM-HIGH,1.0,LOSS,1.17036,-42.19999999999821
2026-04-28T09:00:00,EURUSD,SELL,1.16875,1.1728,1.165855,HIGH,0.75,WIN,1.165855,27.1499999999987
2026-04-29T08:00:00,EURUSD,SELL,1.17007,1.17215,1.16776,MEDIUM-HIGH,0.8,WIN,1.16776,21.30000000000034
2026-04-30T08:00:00,EURUSD,SELL,1.16591,1.16903,1.161905,MEDIUM-HIGH,1.0,LOSS,1.16903,-33.000000000000114
2026-05-06T08:00:00,EURUSD,BUY,1.17331,1.16908,1.1784400000000004,MEDIUM-HIGH,0.85,WIN,1.1784400000000004,49.50000000000301
2026-05-07T10:00:00,EURUSD,BUY,1.17669,1.17453,1.1792699999999998,MEDIUM-HIGH,0.8,LOSS,1.17453,-23.399999999999398
2026-05-11T08:00:00,EURUSD,SELL,1.175,1.17731,1.1726,MEDIUM-HIGH,1.0,LOSS,1.17731,-24.900000000000343
2026-05-12T09:00:00,EURUSD,SELL,1.17502,1.17889,1.17001,MEDIUM-HIGH,1.0,WIN,1.17001,48.29999999999959
2026-05-13T09:00:00,EURUSD,SELL,1.172,1.17428,1.170515,MEDIUM,0.8,WIN,1.170515,13.049999999999585
2026-05-18T09:00:00,EURUSD,BUY,1.16357,1.16072,1.1660300000000001,MEDIUM-HIGH,0.8,WIN,1.1660300000000001,22.800000000001287
2026-05-19T09:00:00,EURUSD,SELL,1.16366,1.16628,1.1604800000000002,MEDIUM-HIGH,1.0,WIN,1.1604800000000002,29.999999999997385
2026-05-20T11:00:00,EURUSD,SELL,1.15903,1.16138,1.1561349999999997,MEDIUM-HIGH,1.0,LOSS,1.16138,-25.300000000000743
2026-05-21T10:00:00,EURUSD,SELL,1.16076,1.16362,1.1578499999999998,MEDIUM-HIGH,0.8,WIN,1.1578499999999998,27.3000000000019
2026-05-27T09:00:00,EURUSD,BUY,1.16456,1.16301,1.1662399999999997,MEDIUM-HIGH,0.8,LOSS,1.16301,-17.299999999999404
